{"cameraMode":{"drawMode":0,"name":"Shaded","section":"Shading Mode"},"sceneLighting":true,"audioPlay":false,"sceneViewState":{"showFog":true,"showMaterialUpdate":false,"showSkybox":true,"showFlares":true,"showImageEffects":true,"showParticleSystems":true},"in2DMode":false,"pivot":{"x":0.21084807813167573,"y":2.2244598865509035,"z":100.18169403076172},"rotation":{"x":0.10805539786815644,"y":-0.028020355850458146,"z":0.0030465254094451668,"w":0.9937465190887451},"size":0.7834917902946472,"orthographic":false}